epoch,time,train/box_loss,train/cls_loss,train/dfl_loss,metrics/precision(B),metrics/recall(B),metrics/mAP50(B),metrics/mAP50-95(B),val/box_loss,val/cls_loss,val/dfl_loss,lr/pg0,lr/pg1,lr/pg2
1,23.2906,3.06257,4.39579,4.27133,0.00171,0.625,0.00248,0.00044,2.6044,4.70064,4.15867,1.25e-05,1.25e-05,1.25e-05
2,41.0981,3.08231,4.52293,4.29418,0.00174,0.625,0.00273,0.00047,2.60473,4.7017,4.1584,3.71287e-05,3.71287e-05,3.71287e-05
3,60.1246,3.09888,4.41591,4.27352,0.00171,0.625,0.00228,0.0004,2.60496,4.70378,4.15808,6.12625e-05,6.12625e-05,6.12625e-05
4,78.0546,3.14837,4.37896,4.26102,0.0017,0.625,0.00363,0.00059,2.60493,4.7047,4.15771,8.49012e-05,8.49012e-05,8.49012e-05
5,95.4123,3.06082,4.4305,4.21865,0.00179,0.625,0.00391,0.00061,2.60443,4.70558,4.15721,0.000108045,0.000108045,0.000108045
6,112.233,3.26479,4.59016,4.27694,0.00178,0.625,0.00593,0.00088,2.60342,4.70625,4.1566,0.000130694,0.000130694,0.000130694
7,129.192,3.08662,4.39951,4.23838,0.00175,0.625,0.00809,0.00132,2.60154,4.7071,4.15579,0.000152847,0.000152847,0.000152847
8,145.445,3.00121,4.49069,4.2251,0.00173,0.625,0.01034,0.00174,2.59944,4.70714,4.15483,0.000174506,0.000174506,0.000174506
9,164.318,3.1688,4.37751,4.21838,0.00174,0.625,0.01024,0.00165,2.59823,4.70753,4.15425,0.00019567,0.00019567,0.00019567
10,181.109,3.1091,4.41622,4.22647,0.00172,0.625,0.01425,0.0022,2.59595,4.70772,4.15325,0.000216339,0.000216339,0.000216339
11,198.901,3.19035,4.39111,4.16871,0.00173,0.625,0.07265,0.011,2.59316,4.70779,4.15206,0.000236513,0.000236513,0.000236513
12,219.833,2.81023,4.2819,4.17942,0.00169,0.625,0.08486,0.01369,2.58998,4.70765,4.15067,0.000256191,0.000256191,0.000256191
13,243.951,3.16979,4.32903,4.14546,0.00171,0.625,0.10519,0.02308,2.58645,4.70688,4.14896,0.000275375,0.000275375,0.000275375
14,261.904,3.02945,4.28636,4.18137,0.00161,0.625,0.25011,0.04994,2.58142,4.70455,4.14673,0.000294064,0.000294064,0.000294064
15,279.994,3.10907,4.27398,4.15812,0.00162,0.625,0.06357,0.01148,2.57453,4.70243,4.14377,0.000312257,0.000312257,0.000312257
16,300.635,3.01924,4.2775,4.14705,0.00171,0.625,0.16753,0.0212,2.56618,4.70131,4.14002,0.000329956,0.000329956,0.000329956
17,317.493,3.13012,4.31646,4.14635,0.00168,0.625,0.1091,0.02432,2.55565,4.70099,4.13531,0.00034716,0.00034716,0.00034716
18,333.683,2.75434,4.18411,4.12183,0.00173,0.625,0.2073,0.03106,2.54359,4.69905,4.12976,0.000363869,0.000363869,0.000363869
19,350.308,2.63822,4.29523,4.08169,0.0018,0.625,0.18273,0.03724,2.53052,4.69722,4.1236,0.000380083,0.000380083,0.000380083
20,366.444,2.8288,4.12867,4.07346,0.00176,0.625,0.34668,0.08811,2.51554,4.69414,4.11716,0.000395801,0.000395801,0.000395801
21,383.467,2.82528,4.11487,4.07304,0.00173,0.625,0.03926,0.01225,2.49971,4.69091,4.10922,0.000411025,0.000411025,0.000411025
22,399.643,3.12833,4.04488,4.09616,0.00171,0.625,0.13463,0.04018,2.47915,4.66565,4.09238,0.000425754,0.000425754,0.000425754
23,415.058,2.97398,4.09834,4.03584,0.00172,0.625,0.22832,0.03809,2.4618,4.61354,4.062,0.000439988,0.000439988,0.000439988
24,430.713,3.07523,4.18608,3.957,0.00216,0.75,0.22942,0.03813,2.41892,4.59839,4.04163,0.000453726,0.000453726,0.000453726
25,446.456,3.14579,3.88619,3.96657,0.00211,0.75,0.06655,0.02269,2.38045,4.58364,4.02019,0.00046697,0.00046697,0.00046697
26,462.474,2.89743,4.07174,3.90704,0.00212,0.75,0.06474,0.02249,2.39482,4.56845,4.01701,0.000479719,0.000479719,0.000479719
27,478.622,2.78972,3.89847,3.91388,0.00211,0.75,0.00641,0.00249,2.43177,4.55634,4.02262,0.000491972,0.000491972,0.000491972
28,494.067,3.00054,3.82662,3.90351,0.00211,0.75,0.00641,0.00249,2.43177,4.55634,4.02262,0.000503731,0.000503731,0.000503731
29,510.817,2.85178,3.62798,3.85207,0.00211,0.75,0.00646,0.00213,2.45119,4.54545,4.02535,0.000514995,0.000514995,0.000514995
30,527.663,2.91622,3.69371,3.88024,0.00212,0.75,0.08489,0.04182,2.43422,4.53564,4.01222,0.000525764,0.000525764,0.000525764
31,544.125,2.95385,3.90073,3.81473,0.00212,0.75,0.08489,0.04182,2.43422,4.53564,4.01222,0.000536038,0.000536038,0.000536038
32,560.285,2.75192,3.77015,3.75798,0.00213,0.75,0.08484,0.04174,2.39586,4.532,3.98854,0.000545816,0.000545816,0.000545816
33,575.68,2.55892,3.57253,3.67757,0.00168,0.625,0.08404,0.04166,2.3849,4.5387,3.97242,0.0005551,0.0005551,0.0005551
34,591.456,2.69818,3.49714,3.63552,0.00168,0.625,0.08404,0.04166,2.3849,4.5387,3.97242,0.000563889,0.000563889,0.000563889
35,607.898,2.6753,3.58131,3.60814,0.00123,0.5,0.032,0.01568,2.40984,4.5474,3.96676,0.000572182,0.000572182,0.000572182
36,623.515,2.85728,3.59265,3.67716,0.00213,0.75,0.02445,0.01157,2.47107,4.54536,3.97678,0.000579981,0.000579981,0.000579981
37,639.091,3.0085,3.74636,3.75025,0.00213,0.75,0.02445,0.01157,2.47107,4.54536,3.97678,0.000587285,0.000587285,0.000587285
38,654.757,2.7316,3.56713,3.6985,0.0017,0.625,0.01679,0.00648,2.54129,4.57132,4.02247,0.000594094,0.000594094,0.000594094
39,670.12,3.13656,3.6857,3.68537,0.00127,0.5,0.00195,0.00063,2.61428,4.58784,4.06983,0.000600408,0.000600408,0.000600408
40,685.833,2.86687,3.44609,3.63606,0.00127,0.5,0.00195,0.00063,2.61428,4.58784,4.06983,0.000606226,0.000606226,0.000606226
41,701.424,2.53623,3.20747,3.45428,0.00127,0.5,0.00142,0.00032,2.69533,4.55898,4.12271,0.00061155,0.00061155,0.00061155
42,716.813,2.75543,3.45143,3.52702,0.00169,0.625,0.00185,0.00029,2.78495,4.56349,4.13634,0.000616379,0.000616379,0.000616379
43,733.295,2.69356,3.337,3.54324,0.00169,0.625,0.00185,0.00029,2.78495,4.56349,4.13634,0.000620713,0.000620713,0.000620713
44,749.202,2.54965,3.31446,3.48029,0.00168,0.625,0.00185,0.00031,2.91519,4.58273,4.13986,0.000624551,0.000624551,0.000624551
45,771.34,2.75364,3.46934,3.53361,0.00168,0.625,0.00185,0.00031,2.91519,4.58273,4.13986,0.000627895,0.000627895,0.000627895
46,791.829,2.53015,3.45119,3.42477,0.00068,0.375,0.00094,0.00024,3.05631,4.63021,4.12735,0.000630744,0.000630744,0.000630744
47,816,2.65844,3.26302,3.40269,0.00068,0.375,0.00094,0.00024,3.05631,4.63021,4.12735,0.000633098,0.000633098,0.000633098
48,833.908,2.60479,3.59193,3.41786,0.00108,0.5,0.00316,0.00062,3.15485,4.6473,4.05768,0.000634956,0.000634956,0.000634956
49,850.797,2.52302,3.24477,3.41466,0.00108,0.5,0.00316,0.00062,3.15485,4.6473,4.05768,0.00063632,0.00063632,0.00063632
50,866.096,2.6774,3.07394,3.40377,0.00107,0.5,0.12814,0.07566,2.95926,4.64333,3.90503,0.000637189,0.000637189,0.000637189
51,882.237,2.74487,3.2744,3.43423,0.00107,0.5,0.12814,0.07566,2.95926,4.64333,3.90503,0.00063125,0.00063125,0.00063125
52,897.895,2.56744,3.03098,3.3284,0.00209,0.5,0.21069,0.13045,2.6889,4.64921,3.64383,0.000618875,0.000618875,0.000618875
53,913.33,2.50863,3.00918,3.35227,0.00209,0.5,0.21069,0.13045,2.6889,4.64921,3.64383,0.0006065,0.0006065,0.0006065
54,929.371,2.66249,3.15508,3.29727,0.01069,0.75,0.2668,0.15953,2.62326,4.64601,3.48783,0.000594125,0.000594125,0.000594125
55,944.791,2.64259,2.812,3.39223,0.01069,0.75,0.2668,0.15953,2.62326,4.64601,3.48783,0.00058175,0.00058175,0.00058175
56,960.21,2.46211,3.23543,3.30575,0.01401,0.75,0.27586,0.16447,2.53777,4.68832,3.19846,0.000569375,0.000569375,0.000569375
57,975.801,2.73329,3.15094,3.39161,0.01401,0.75,0.27586,0.16447,2.53777,4.68832,3.19846,0.000557,0.000557,0.000557
58,991.303,2.69173,3.2315,3.34897,0.01345,0.83333,0.34678,0.21838,2.38081,4.98326,2.96932,0.000544625,0.000544625,0.000544625
59,1006.82,2.78064,3.19453,3.32983,0.01345,0.83333,0.34678,0.21838,2.38081,4.98326,2.96932,0.00053225,0.00053225,0.00053225
60,1022.26,2.44071,2.98378,3.27286,0.56332,0.25,0.62349,0.41898,2.28425,4.91568,2.86594,0.000519875,0.000519875,0.000519875
61,1037.56,2.81845,3.13689,3.38568,0.56332,0.25,0.62349,0.41898,2.28425,4.91568,2.86594,0.0005075,0.0005075,0.0005075
62,1053.6,2.61328,2.91716,3.39559,0.54177,0.25,0.62675,0.37186,2.27449,4.95182,2.85164,0.000495125,0.000495125,0.000495125
63,1069.22,2.56282,2.83164,3.27101,0.54177,0.25,0.62675,0.37186,2.27449,4.95182,2.85164,0.00048275,0.00048275,0.00048275
64,1084.95,2.62338,2.87642,3.31707,0.35619,0.58333,0.61809,0.35873,2.15307,5.1063,2.81436,0.000470375,0.000470375,0.000470375
65,1100.95,3.0176,3.20236,3.53097,0.35619,0.58333,0.61809,0.35873,2.15307,5.1063,2.81436,0.000458,0.000458,0.000458
66,1117.67,2.50202,2.88755,3.30773,0.56225,0.58333,0.66193,0.33204,1.95952,5.62497,2.7796,0.000445625,0.000445625,0.000445625
67,1133.48,2.66343,3.12869,3.26369,0.56225,0.58333,0.66193,0.33204,1.95952,5.62497,2.7796,0.00043325,0.00043325,0.00043325
68,1149.42,2.48337,2.9314,3.221,0.60989,0.66667,0.70211,0.46213,1.7317,5.82674,2.64624,0.000420875,0.000420875,0.000420875
69,1165.68,2.48008,2.79651,3.27409,0.60989,0.66667,0.70211,0.46213,1.7317,5.82674,2.64624,0.0004085,0.0004085,0.0004085
70,1181.43,2.63936,3.10524,3.31343,0.71737,0.64951,0.73903,0.46114,1.62949,6.08817,2.58078,0.000396125,0.000396125,0.000396125
71,1200.31,2.86391,3.3353,3.39862,0.71737,0.64951,0.73903,0.46114,1.62949,6.08817,2.58078,0.00038375,0.00038375,0.00038375
72,1223.11,2.57521,3.04968,3.27519,0.56708,0.75,0.7184,0.46457,1.55218,6.24554,2.51336,0.000371375,0.000371375,0.000371375
73,1246.9,2.3734,2.82934,3.20165,0.56708,0.75,0.7184,0.46457,1.55218,6.24554,2.51336,0.000359,0.000359,0.000359
74,1266.66,2.42625,2.84343,3.18159,0.71918,0.74196,0.75482,0.4753,1.48432,5.60109,2.48237,0.000346625,0.000346625,0.000346625
75,1285.36,2.53187,2.90627,3.2509,0.71918,0.74196,0.75482,0.4753,1.48432,5.60109,2.48237,0.00033425,0.00033425,0.00033425
76,1303.69,2.7041,3.10359,3.28946,0.78748,0.54167,0.70448,0.47636,1.48146,4.76632,2.49619,0.000321875,0.000321875,0.000321875
77,1321.14,2.49103,2.71003,3.2315,0.78748,0.54167,0.70448,0.47636,1.48146,4.76632,2.49619,0.0003095,0.0003095,0.0003095
78,1336.81,2.45767,3.07818,3.27141,0.70587,0.625,0.72653,0.47676,1.5174,4.00492,2.54997,0.000297125,0.000297125,0.000297125
79,1352.7,2.2989,2.85371,3.08307,0.70587,0.625,0.72653,0.47676,1.5174,4.00492,2.54997,0.00028475,0.00028475,0.00028475
80,1368.84,2.40902,2.73381,3.17395,0.64135,0.70392,0.73903,0.46272,1.57462,3.55368,2.58553,0.000272375,0.000272375,0.000272375
81,1384.97,2.46926,3.00456,3.28563,0.64135,0.70392,0.73903,0.46272,1.57462,3.55368,2.58553,0.00026,0.00026,0.00026
82,1401.46,2.42184,2.94923,3.03463,0.70808,0.64305,0.73903,0.44457,1.6004,3.37733,2.59025,0.000247625,0.000247625,0.000247625
83,1418.28,2.47109,2.96858,3.08289,0.70808,0.64305,0.73903,0.44457,1.6004,3.37733,2.59025,0.00023525,0.00023525,0.00023525
84,1437.69,2.41301,2.87109,3.19633,0.74547,0.70042,0.75986,0.40546,1.57142,3.25224,2.55747,0.000222875,0.000222875,0.000222875
85,1455.59,2.49856,2.77407,3.0564,0.74547,0.70042,0.75986,0.40546,1.57142,3.25224,2.55747,0.0002105,0.0002105,0.0002105
86,1473.34,2.3147,2.8111,3.09399,0.74294,0.66477,0.75986,0.42421,1.53365,3.17905,2.52821,0.000198125,0.000198125,0.000198125
87,1489.67,2.5519,2.88976,3.17085,0.74294,0.66477,0.75986,0.42421,1.53365,3.17905,2.52821,0.00018575,0.00018575,0.00018575
88,1506.44,2.35563,2.81556,3.13944,0.63273,0.71556,0.76677,0.41575,1.48369,3.05641,2.50251,0.000173375,0.000173375,0.000173375
89,1523.6,2.37971,2.79545,3.23093,0.63273,0.71556,0.76677,0.41575,1.48369,3.05641,2.50251,0.000161,0.000161,0.000161
90,1539.45,2.22484,2.52767,3.05838,0.61809,0.71742,0.76677,0.43852,1.46302,2.97437,2.48936,0.000148625,0.000148625,0.000148625
91,1555.89,2.16114,3.25767,3.10653,0.61809,0.71742,0.76677,0.43852,1.46302,2.97437,2.48936,0.00013625,0.00013625,0.00013625
92,1573.39,2.15691,3.24399,3.15676,0.64644,0.72134,0.76677,0.43742,1.43901,2.91885,2.49464,0.000123875,0.000123875,0.000123875
93,1589.23,1.9435,3.28931,3.01076,0.64644,0.72134,0.76677,0.43742,1.43901,2.91885,2.49464,0.0001115,0.0001115,0.0001115
94,1606.24,2.1461,3.15112,3.10072,0.65562,0.72151,0.80812,0.4629,1.42806,2.92382,2.51272,9.9125e-05,9.9125e-05,9.9125e-05
95,1622.26,1.95187,3.20267,2.98122,0.65562,0.72151,0.80812,0.4629,1.42806,2.92382,2.51272,8.675e-05,8.675e-05,8.675e-05
96,1637.95,1.94034,3.01803,2.92279,0.66935,0.73646,0.89083,0.48102,1.45139,2.9253,2.54743,7.4375e-05,7.4375e-05,7.4375e-05
97,1654.48,1.85024,2.99416,2.9359,0.66935,0.73646,0.89083,0.48102,1.45139,2.9253,2.54743,6.2e-05,6.2e-05,6.2e-05
98,1670.66,1.86469,3.06151,2.87385,0.689,0.74506,0.95333,0.52155,1.46112,2.93844,2.57273,4.9625e-05,4.9625e-05,4.9625e-05
99,1686.69,1.76843,2.99206,2.81308,0.689,0.74506,0.95333,0.52155,1.46112,2.93844,2.57273,3.725e-05,3.725e-05,3.725e-05
100,1702.92,1.71427,3.0645,2.83004,0.57243,0.75,0.95333,0.52421,1.46502,2.93357,2.58321,2.4875e-05,2.4875e-05,2.4875e-05
